Workbook

Sheet Read Me
A1: PLATFORM BENCHMARK & USER-FLOW TEARDOWN
A2: Purpose | B2: Compare the same food-delivery task across apps and web experiences.
A3: Initial scope | B3: India food delivery: Zomato, Swiggy, Domino's, EatSure. Verify access on each platform during the audit.
A4: Platforms | B4: iOS App Store, Google Play, mobile web, desktop web (where available).
A5: Task | B5: Set location → discover restaurant → inspect menu item → add to cart → review fees → reach checkout without ordering.
A6: Evidence | B6: No ratings, feature claims, UX scores, or observations are pre-filled. Record only what you verify, with date and evidence.
A7: Scoring | B7: 1–5: 1=poor/difficult, 3=acceptable, 5=excellent. Leave blank or use N/A when not applicable.
A8: Workflow | B8: Fill Platform Audit, Flow Steps, Friction Log, and UX Scorecard. Review Summary after entering scores.
A9: Data integrity note | B9: Only the two Zomato store-listing rows are populated from public India storefront listings (checked 30 Oct 2026). Flow observations, friction, UX scores and other platforms require direct hands-on testing and are intentionally blank.

Sheet Platform Audit
A1: App | B1: Platform | C1: Audit date | D1: Device / browser | E1: City / pincode used | F1: Store listing title | G1: Rating shown | H1: Review count shown | I1: Download band (Play only) | J1: App size shown | K1: Last updated shown | L1: Evidence link | M1: Notes
A2: Zomato | B2: iOS App Store | C2: 46325 | D2: Public listing (web) | F2: Zomato: Food Delivery & Dining | G2: 4.7 | H2: 6M ratings | J2: 277.7 MB | K2: Not shown on listing | L2: https://apps.apple.com/in/app/zomato-food-delivery-dining/id434613896 | M2: India storefront; listing snapshot checked 30 Oct 2026. App Store shows 4.7/5, 6M ratings and 277.7 MB. Last-updated date not explicitly shown.
A3: Zomato | B3: Google Play | C3: 46325 | D3: Public listing (web) | F3: Zomato: Food Delivery & Dining | G3: 4.6 | H3: 14.2M reviews | I3: 100M+ | J3: Not shown (varies by device) | K3: 9 Sep 2026 | L3: https://play.google.com/store/apps/details?gl=IN&id=com.application.zomato | M3: India listing; snapshot checked 30 Oct 2026. Google Play shows 4.6/5, 14.2M reviews, 100M+ downloads and updated 9 Sep 2026.
A4: Zomato | B4: Mobile web
A5: Zomato | B5: Desktop web
A6: Swiggy | B6: iOS App Store
A7: Swiggy | B7: Google Play
A8: Swiggy | B8: Mobile web
A9: Swiggy | B9: Desktop web
A10: Domino's | B10: iOS App Store
A11: Domino's | B11: Google Play
A12: Domino's | B12: Mobile web
A13: Domino's | B13: Desktop web
A14: EatSure | B14: iOS App Store
A15: EatSure | B15: Google Play
... A17: EatSure | B17: Desktop web

Sheet Flow Steps
A1: App | B1: Platform | C1: Step # | D1: User goal / action | E1: What interface shows | F1: User input required | G1: System response / feedback | H1: Time (sec) | I1: Backtracking? (Y/N) | J1: Friction observed | K1: Evidence link | L1: Severity (1-5)
A2: Zomato | C2: 1 | D2: Open app / website
A3: Zomato | C3: 2 | D3: Set delivery location
A4: Zomato | C4: 3 | D4: Search or browse restaurants
A5: Zomato | C5: 4 | D5: Open restaurant
A6: Zomato | C6: 5 | D6: Inspect menu item
A7: Zomato | C7: 6 | D7: Add item to cart
A8: Zomato | C8: 7 | D8: Review cart and customisation
A9: Zomato | C9: 8 | D9: Review taxes, delivery and platform fees
A10: Zomato | C10: 9 | D10: Proceed to checkout (do not place order)
A11: Swiggy | C11: 1 | D11: Open app / website
A12: Swiggy | C12: 2 | D12: Set delivery location
A13: Swiggy | C13: 3 | D13: Search or browse restaurants
... A37: EatSure | C37: 9 | D37: Proceed to checkout (do not place order)

Sheet Friction Log
A1: ID | B1: App | C1: Platform | D1: Flow step # | E1: Observed friction | F1: User impact | G1: Severity (1-5) | H1: Frequency | I1: Suggested improvement | J1: Evidence link | K1: Confidence
A2: F01
A3: F02
A4: F03
A5: F04
A6: F05
A7: F06
A8: F07
A9: F08
A10: F09
A11: F10
A12: F11
A13: F12
... A31: F30

Sheet UX Scorecard
A1: App | B1: Platform | C1: Discoverability (1-5) | D1: Search quality (1-5) | E1: Menu clarity (1-5) | F1: Cart transparency (1-5) | G1: Checkout clarity (1-5) | H1: Feedback & error recovery (1-5) | I1: Accessibility (1-5) | J1: Total score | K1: Average score | L1: Evidence / rationale
A2: Zomato | B2: iOS App Store | J2: =IF(COUNT(C2:I2)=0,"",SUM(C2:I2)) | K2: =IF(COUNT(C2:I2)=0,"",AVERAGE(C2:I2))
A3: Zomato | B3: Google Play | J3: =IF(COUNT(C3:I3)=0,"",SUM(C3:I3)) | K3: =IF(COUNT(C3:I3)=0,"",AVERAGE(C3:I3))
A4: Zomato | B4: Mobile web | J4: =IF(COUNT(C4:I4)=0,"",SUM(C4:I4)) | K4: =IF(COUNT(C4:I4)=0,"",AVERAGE(C4:I4))
A5: Zomato | B5: Desktop web | J5: =IF(COUNT(C5:I5)=0,"",SUM(C5:I5)) | K5: =IF(COUNT(C5:I5)=0,"",AVERAGE(C5:I5))
A6: Swiggy | B6: iOS App Store | J6: =IF(COUNT(C6:I6)=0,"",SUM(C6:I6)) | K6: =IF(COUNT(C6:I6)=0,"",AVERAGE(C6:I6))
A7: Swiggy | B7: Google Play | J7: =IF(COUNT(C7:I7)=0,"",SUM(C7:I7)) | K7: =IF(COUNT(C7:I7)=0,"",AVERAGE(C7:I7))
A8: Swiggy | B8: Mobile web | J8: =IF(COUNT(C8:I8)=0,"",SUM(C8:I8)) | K8: =IF(COUNT(C8:I8)=0,"",AVERAGE(C8:I8))
A9: Swiggy | B9: Desktop web | J9: =IF(COUNT(C9:I9)=0,"",SUM(C9:I9)) | K9: =IF(COUNT(C9:I9)=0,"",AVERAGE(C9:I9))
A10: Domino's | B10: iOS App Store | J10: =IF(COUNT(C10:I10)=0,"",SUM(C10:I10)) | K10: =IF(COUNT(C10:I10)=0,"",AVERAGE(C10:I10))
A11: Domino's | B11: Google Play | J11: =IF(COUNT(C11:I11)=0,"",SUM(C11:I11)) | K11: =IF(COUNT(C11:I11)=0,"",AVERAGE(C11:I11))
A12: Domino's | B12: Mobile web | J12: =IF(COUNT(C12:I12)=0,"",SUM(C12:I12)) | K12: =IF(COUNT(C12:I12)=0,"",AVERAGE(C12:I12))
A13: Domino's | B13: Desktop web | J13: =IF(COUNT(C13:I13)=0,"",SUM(C13:I13)) | K13: =IF(COUNT(C13:I13)=0,"",AVERAGE(C13:I13))
... A17: EatSure | B17: Desktop web | J17: =IF(COUNT(C17:I17)=0,"",SUM(C17:I17)) | K17: =IF(COUNT(C17:I17)=0,"",AVERAGE(C17:I17))

Sheet Summary
A1: App | B1: Platform | C1: Average UX score | D1: Friction count | E1: High severity issues (4–5) | F1: Key strength | G1: Biggest opportunity
A2: Zomato | B2: iOS App Store | C2: ='UX Scorecard'!K2 | D2: =COUNTIFS('Friction Log'!B:B,A2,'Friction Log'!C:C,B2) | E2: =COUNTIFS('Friction Log'!B:B,A2,'Friction Log'!C:C,B2,'Friction Log'!G:G,">=4")
A3: Zomato | B3: Google Play | C3: ='UX Scorecard'!K3 | D3: =COUNTIFS('Friction Log'!B:B,A3,'Friction Log'!C:C,B3) | E3: =COUNTIFS('Friction Log'!B:B,A3,'Friction Log'!C:C,B3,'Friction Log'!G:G,">=4")
A4: Zomato | B4: Mobile web | C4: ='UX Scorecard'!K4 | D4: =COUNTIFS('Friction Log'!B:B,A4,'Friction Log'!C:C,B4) | E4: =COUNTIFS('Friction Log'!B:B,A4,'Friction Log'!C:C,B4,'Friction Log'!G:G,">=4")
A5: Zomato | B5: Desktop web | C5: ='UX Scorecard'!K5 | D5: =COUNTIFS('Friction Log'!B:B,A5,'Friction Log'!C:C,B5) | E5: =COUNTIFS('Friction Log'!B:B,A5,'Friction Log'!C:C,B5,'Friction Log'!G:G,">=4")
A6: Swiggy | B6: iOS App Store | C6: ='UX Scorecard'!K6 | D6: =COUNTIFS('Friction Log'!B:B,A6,'Friction Log'!C:C,B6) | E6: =COUNTIFS('Friction Log'!B:B,A6,'Friction Log'!C:C,B6,'Friction Log'!G:G,">=4")
A7: Swiggy | B7: Google Play | C7: ='UX Scorecard'!K7 | D7: =COUNTIFS('Friction Log'!B:B,A7,'Friction Log'!C:C,B7) | E7: =COUNTIFS('Friction Log'!B:B,A7,'Friction Log'!C:C,B7,'Friction Log'!G:G,">=4")
A8: Swiggy | B8: Mobile web | C8: ='UX Scorecard'!K8 | D8: =COUNTIFS('Friction Log'!B:B,A8,'Friction Log'!C:C,B8) | E8: =COUNTIFS('Friction Log'!B:B,A8,'Friction Log'!C:C,B8,'Friction Log'!G:G,">=4")
A9: Swiggy | B9: Desktop web | C9: ='UX Scorecard'!K9 | D9: =COUNTIFS('Friction Log'!B:B,A9,'Friction Log'!C:C,B9) | E9: =COUNTIFS('Friction Log'!B:B,A9,'Friction Log'!C:C,B9,'Friction Log'!G:G,">=4")
A10: Domino's | B10: iOS App Store | C10: ='UX Scorecard'!K10 | D10: =COUNTIFS('Friction Log'!B:B,A10,'Friction Log'!C:C,B10) | E10: =COUNTIFS('Friction Log'!B:B,A10,'Friction Log'!C:C,B10,'Friction Log'!G:G,">=4")
A11: Domino's | B11: Google Play | C11: ='UX Scorecard'!K11 | D11: =COUNTIFS('Friction Log'!B:B,A11,'Friction Log'!C:C,B11) | E11: =COUNTIFS('Friction Log'!B:B,A11,'Friction Log'!C:C,B11,'Friction Log'!G:G,">=4")
A12: Domino's | B12: Mobile web | C12: ='UX Scorecard'!K12 | D12: =COUNTIFS('Friction Log'!B:B,A12,'Friction Log'!C:C,B12) | E12: =COUNTIFS('Friction Log'!B:B,A12,'Friction Log'!C:C,B12,'Friction Log'!G:G,">=4")
A13: Domino's | B13: Desktop web | C13: ='UX Scorecard'!K13 | D13: =COUNTIFS('Friction Log'!B:B,A13,'Friction Log'!C:C,B13) | E13: =COUNTIFS('Friction Log'!B:B,A13,'Friction Log'!C:C,B13,'Friction Log'!G:G,">=4")
... A17: EatSure | B17: Desktop web | C17: ='UX Scorecard'!K17 | D17: =COUNTIFS('Friction Log'!B:B,A17,'Friction Log'!C:C,B17) | E17: =COUNTIFS('Friction Log'!B:B,A17,'Friction Log'!C:C,B17,'Friction Log'!G:G,">=4")
